6,2012-07-20 14:12:45,池湃邦
29,2011-02-09 07:24:19,林豪谱
16,2012-01-31 16:31:55,柳庭沛
15,2011-03-22 13:25:03,虞信品
29,2012-04-18 15:48:20,梁尉寒
8,2012-12-06 10:38:15,岳叔华
8,2012-10-25 16:01:01,盛枫瑾
21,2012-10-16 18:51:43,穆漂徽
20,2011-03-19 17:36:20,柯独杜
27,2012-07-01 00:36:59,柯河舍
25,2011-01-01 00:07:44,谢尉争
15,2012-09-04 20:33:17,谭满铿
4,2011-07-21 08:35:37,赵道霄
14,2012-03-02 16:06:28,王悟营
17,2012-05-30 01:32:36,穆影焱
5,2011-10-27 16:55:33,沈锵良
5,2011-08-23 22:32:20,程欢亭
22,2011-06-14 14:14:53,韦鲁郎
8,2012-04-05 10:04:26,涂翰毅
21,2011-12-15 05:55:57,云羿谆
14,2012-07-28 03:13:49,陈茗卓
6,2012-12-14 15:51:45,严锋滕
23,2012-01-17 04:46:36,邢编
7,2011-05-07 07:53:04,曹讯波
17,2011-06-19 03:10:03,卢帆新
7,2011-08-10 10:07:35,夏思徽
14,2011-03-26 00:21:17,韦鲁郎
8,2011-05-22 01:01:35,费宜鸿
27,2011-09-01 12:46:11,程欢亭
7,2011-03-30 15:29:18,谢协湃
8,2012-02-25 21:22:47,古驰
10,2011-03-21 22:11:38,郭山彤
10,2012-06-13 01:52:53,符彬政
25,2011-07-24 03:02:59,乐武亮
18,2011-04-24 16:44:30,林豪谱
29,2012-01-12 01:44:27,郭山彤
23,2011-02-18 00:08:54,谭满铿
5,2012-05-29 14:31:16,史霄灼
20,2012-05-25 05:17:02,古驰
12,2011-06-07 16:42:34,文驹治
28,2011-09-02 14:20:30,张豆焕
2,2012-05-20 20:25:15,欧谱班
16,2012-06-15 07:54:23,钟召云
25,2011-07-28 19:07:03,郭俊立
1,2012-01-25 04:00:28,欧谱班
18,2012-08-10 15:16:13,盛枫瑾
9,2012-11-07 11:06:52,吴越潇
21,2011-02-01 16:35:21,费汐家
11,2011-12-28 22:16:39,卢邦楠
12,2011-09-01 16:27:04,周放大
26,2011-06-09 01:38:24,谢协湃
22,2011-12-25 07:23:58,薛敬文
19,2012-05-17 14:03:47,薛敬文
11,2011-03-29 22:53:15,黎丙赣
15,2011-04-27 09:26:39,史霄灼
19,2012-11-16 14:46:42,蔡农仲
12,2012-09-16 10:37:56,赵单羽
20,2011-11-26 18:15:43,涂翰毅
29,2012-12-23 06:21:59,韦鲁郎
16,2011-12-01 06:51:01,郭山彤
15,2012-08-04 22:25:19,陈莉汐
14,2012-12-21 13:58:46,池湃邦
28,2012-07-03 04:20:03,严锋滕
5,2012-12-25 01:55:44,简务帅
26,2012-12-24 02:32:01,周放大
30,2012-11-16 04:33:20,凌松帆
13,2012-02-09 05:11:56,古驰
10,2012-12-04 20:31:06,云悠洋
29,2012-06-16 03:52:09,乐武亮
24,2011-04-29 10:17:44,梁胤鸣
3,2011-07-01 11:26:08,赵道霄
29,2011-06-27 06:49:58,丁倍卫
2,2011-04-01 09:03:43,云羿谆
10,2011-02-26 18:47:40,赵道霄
10,2012-12-21 22:27:50,袁修纯
19,2011-07-21 21:00:45,巫家昱
7,2012-07-07 09:37:04,元骞振
6,2011-08-12 17:02:46,尤帅齐
28,2011-12-02 08:05:15,梁敦厦
14,2012-07-29 11:40:42,蒋进如
19,2011-10-23 06:54:56,李具匡
11,2012-02-01 12:07:27,曹讯波
9,2011-01-09 16:09:15,陈莉汐
30,2012-10-06 09:49:20,王悟营
3,2012-10-19 07:35:44,费宜鸿
1,2012-08-27 13:44:00,林豪谱
4,2011-09-23 09:52:10,钱锦宏
24,2012-07-04 05:25:36,岑希伙
27,2012-04-16 10:55:45,沈锵良
2,2011-02-01 12:29:44,连解淦
16,2012-10-30 13:58:55,赵勋吟
7,2012-12-03 12:46:10,梁敦厦
10,2012-01-09 21:00:49,刘中舟
20,2011-09-29 08:42:18,蔡农仲
30,2011-11-10 04:16:54,邢编
22,2011-09-15 15:50:24,于泰哲
22,2011-01-22 03:05:26,韦烽凌
25,2011-09-19 07:31:30,费汐家
10,2012-04-15 20:19:39,孙奎汝
6,2011-02-05 04:52:58,王封安
22,2011-05-02 17:59:31,郎朝剑
30,2011-01-09 14:34:46,简邦余
6,2012-08-29 03:01:27,钱铮友
1,2012-03-15 02:19:45,费宜鸿
9,2012-10-10 07:35:54,张广房
29,2011-11-10 15:41:36,谭灶声
16,2012-02-17 02:03:16,沈锵良
30,2011-02-17 20:40:58,赵道霄
15,2012-08-06 11:24:33,蔡农仲
30,2011-05-08 19:33:17,杨舟察
11,2012-10-07 08:21:43,林文冲
20,2011-07-02 01:01:03,钱锦宏
1,2012-09-26 10:10:47,程欢亭
7,2012-05-08 07:30:15,岑希伙
15,2011-07-19 15:34:10,欧有皆
14,2012-01-20 14:31:11,费宜鸿
4,2011-11-21 11:35:10,池湃邦
3,2012-01-06 17:17:22,郭山彤
29,2012-12-26 17:27:33,危眺沃
6,2012-08-24 13:54:25,陈仓翼
26,2011-08-22 06:00:50,李锐汉
28,2012-06-13 20:43:41,吴资龙
4,2011-12-21 12:41:37,蒋进如
25,2011-10-08 13:26:20,岳叔华
23,2012-08-02 10:58:51,谭灶声
1,2012-10-04 13:51:14,凌松帆
23,2011-06-02 10:13:45,车杜炯
21,2011-07-01 08:06:37,夏思徽
15,2011-03-23 05:22:43,赵勋吟
5,2012-10-24 20:31:55,雷友水
30,2012-02-09 08:07:50,袁修纯
8,2012-06-24 17:49:00,武邦致
1,2011-05-23 06:07:07,黎舒旺
7,2012-02-15 11:30:54,周放大
6,2012-10-18 06:15:05,尤介辉
11,2012-11-30 14:59:57,张枫震
15,2011-04-21 00:15:35,李具匡
6,2012-03-20 18:52:12,车杜炯
27,2012-09-12 04:04:08,沈锵良
3,2011-08-11 15:58:23,霍负浪
6,2012-11-18 05:47:55,严锋滕
12,2012-01-01 12:18:08,连解淦
4,2012-04-11 22:01:06,易堃登
21,2012-11-28 01:38:01,黎丙赣
16,2011-09-21 17:21:03,云羿谆
5,2011-11-02 20:42:04,马仁毅
28,2012-12-20 22:48:38,韦鲁郎
27,2011-10-24 15:49:39,马仁毅
29,2011-04-12 07:04:18,武邦致
5,2011-03-27 19:49:50,蔡粮鲜
15,2012-04-11 15:48:41,韦烽凌
7,2012-06-22 14:57:09,尤政航
29,2012-04-27 02:09:16,古驰
23,2012-04-09 15:24:26,李恩妙
27,2011-03-29 10:20:01,袁修纯
26,2012-07-12 03:25:04,邢编
10,2012-11-21 18:49:21,盛枫瑾
29,2011-10-03 12:15:46,樊辰博
3,2011-09-04 14:40:15,陈莉汐
18,2011-05-02 13:02:46,杨舟察
16,2011-02-25 17:00:14,柳庭沛
27,2012-11-30 03:59:52,危眺沃
30,2011-04-18 03:47:44,危眺沃
5,2011-11-18 02:10:20,曹讯波
21,2012-07-02 21:15:38,沈锵良
23,2012-04-25 14:48:08,高洪泉
3,2012-07-27 18:55:56,任康焕
19,2011-05-02 07:07:14,许欣英
16,2011-07-27 21:42:19,文子隐
6,2011-11-05 00:58:17,孙彩武
10,2011-12-15 04:41:44,李恩妙
24,2011-11-13 22:30:41,巫家昱
19,2012-10-02 18:46:00,郭山彤
22,2011-09-26 00:48:28,冯州龙
19,2011-06-08 09:51:39,杨舟察
12,2012-12-04 19:48:27,魏成贯
1,2011-03-15 13:30:47,简邦余
10,2012-02-09 18:58:34,刘中舟
12,2012-09-10 00:25:59,林豪谱
1,2011-03-15 14:13:34,柯河舍
2,2012-12-04 18:12:29,蒋进如
20,2012-02-02 02:01:55,任康焕
24,2012-09-12 14:19:42,岳叔华
12,2011-04-14 10:12:05,梁兴力
14,2012-11-20 17:13:25,钱铮友
5,2011-12-05 12:36:25,卢邦楠
26,2012-09-17 07:05:54,蔡农仲
2,2011-01-06 05:25:02,史霄灼
18,2012-05-19 14:01:23,邬肖任
16,2011-08-12 05:01:24,符彬政
2,2012-10-23 16:34:17,马仁毅
13,2012-07-19 01:49:18,杨舟察
21,2012-06-16 06:38:25,尤帅齐
17,2012-03-05 12:35:07,张豆焕
28,2011-04-28 08:59:43,张津广
12,2012-02-03 03:46:25,蔡农仲
21,2012-05-09 08:16:09,刘枝迟
18,2012-06-27 01:47:48,文子隐
1,2012-04-09 16:01:04,雷亚思
18,2012-09-18 21:20:39,李恩妙
30,2011-04-09 19:36:44,王封安
26,2012-04-10 14:49:16,钱锦宏
27,2011-01-15 01:20:02,巫家昱
22,2012-05-29 16:29:36,郎朝剑
19,2011-05-28 19:01:19,黄蓝风
17,2011-10-14 13:00:58,卢邦楠
26,2011-04-05 18:18:42,甘风力
20,2012-02-20 05:49:54,甘风力
18,2011-12-04 09:14:29,任康焕
15,2011-04-19 15:45:40,秦树琪
13,2012-08-24 00:14:00,赵勋吟
23,2012-11-24 12:04:18,陈莉汐
24,2011-08-05 21:49:02,吕映冉
17,2011-03-18 10:30:39,虞信品
18,2011-01-03 19:58:32,欧谱班
25,2012-01-23 09:32:31,符彬政
23,2011-10-26 22:32:42,尤政航
1,2011-10-20 20:06:32,张广房
14,2011-03-08 01:32:02,韦烽凌
13,2011-06-24 20:20:54,于泰哲
13,2012-01-17 05:34:41,李锐汉
17,2011-09-11 10:41:19,程欢亭
13,2011-05-15 00:53:33,虞信品
5,2011-09-04 18:44:31,邬肖任
21,2011-09-04 01:54:10,元骞振
22,2012-09-26 07:47:58,李恩妙
12,2012-08-21 03:19:07,俞贡延
7,2012-02-18 06:28:50,许欣英
19,2011-03-05 03:31:56,邬肖任
4,2012-08-28 03:33:06,王颢锵
20,2012-12-30 11:48:11,陶旭笙
1,2012-01-31 04:07:49,赵勋吟
23,2012-06-16 22:37:43,孙彩武
9,2012-08-07 05:19:15,夏思徽
4,2011-02-01 08:30:18,黎丙赣
30,2011-10-28 22:00:54,俞贡延
19,2011-09-25 17:47:50,岳叔华
7,2011-08-09 10:33:43,于泰哲
22,2011-10-14 03:37:54,黄蓝风
26,2012-10-17 03:31:31,郎朝剑
8,2011-02-03 17:36:10,刘中舟
11,2011-05-16 15:33:48,蔡农仲
19,2011-11-18 13:10:16,颜东鑫
28,2012-02-08 01:33:04,谭灶声
8,2011-09-10 12:10:41,张豆焕
18,2011-09-30 16:23:36,夏落兴
12,2011-02-13 17:41:13,霍负浪
6,2011-05-22 22:30:03,龚韶釜
20,2011-06-07 15:02:37,赵道霄
16,2011-06-24 15:00:26,陶旭笙
25,2011-09-27 18:52:41,吕映冉
7,2011-08-28 10:29:32,宁儒熙
24,2011-12-12 18:41:27,袁修纯
10,2011-02-09 03:00:51,凌瑛昼
12,2011-01-07 04:45:58,谢协湃
5,2011-08-18 00:25:37,孙剑佛
19,2012-05-02 12:30:19,孙彩武
17,2011-10-27 16:59:10,章学共
6,2012-12-15 12:39:52,任康焕
7,2011-12-15 03:45:42,赵单羽
4,2012-11-27 01:12:37,张豆焕
25,2011-03-17 19:54:44,赵勋吟
5,2011-03-20 19:09:47,费宜鸿
11,2011-01-06 21:25:12,樊辰博
16,2011-12-12 09:54:47,郭山彤
30,2011-07-18 16:51:24,涂翰毅
25,2012-03-06 04:32:31,穆中管
18,2012-10-15 13:52:48,文子隐
4,2011-01-01 09:20:54,云凌可
25,2012-01-14 00:52:57,李具匡
9,2012-01-08 11:03:38,夏思徽
7,2012-07-12 18:14:42,邢编
6,2012-08-18 00:55:45,龚开梦
20,2012-01-16 20:39:42,穆漂徽
14,2012-04-23 20:59:30,梁兴力
4,2011-07-09 12:08:12,严锋滕
19,2012-05-27 05:43:28,夏落兴
28,2012-07-30 14:34:20,林豪谱
9,2011-08-27 18:25:04,魏争博
12,2012-10-17 00:05:13,岑刚飘
7,2011-11-15 12:44:29,秦树琪
9,2012-06-20 11:27:37,谭灶声
23,2012-04-25 01:29:23,刘中舟
26,2012-01-13 21:43:41,魏争博
30,2011-01-27 14:51:25,高季晨
9,2011-08-09 17:37:29,梁尉寒
3,2012-12-08 16:32:42,乐武亮
7,2012-11-15 07:52:20,严锋滕
13,2011-06-08 20:34:08,谢协湃
27,2011-06-08 18:53:53,李具匡
23,2011-12-10 09:03:18,周放大
5,2011-07-11 02:38:44,赵勋吟
10,2011-01-26 14:21:20,侯善稚
14,2011-06-16 03:52:57,魏争博
21,2012-01-23 06:49:04,孙奎汝
8,2012-02-21 07:06:03,陈茗卓
24,2011-06-08 16:49:19,柯独杜
5,2011-04-18 21:37:53,华章滕
22,2011-05-01 03:11:59,刘中舟
21,2012-11-13 19:50:46,武邦致
10,2012-03-24 19:47:56,赵单羽
8,2011-02-28 01:28:22,夏思徽
19,2011-06-10 01:36:15,梁胤鸣
4,2012-06-15 15:19:12,费汐家
16,2011-05-08 04:54:58,黄蓝风
11,2011-11-10 14:45:22,雷友水
6,2012-09-04 00:02:19,吴军卓
28,2012-05-04 22:49:03,王悟营
4,2012-12-16 10:33:50,吕映冉
2,2011-11-11 12:37:55,任康焕
9,2011-02-06 12:44:35,史霄灼
5,2012-09-30 00:06:54,凌松帆
14,2012-02-14 20:07:33,梁汐季
9,2011-08-23 09:46:34,云凌可
27,2011-12-30 20:05:42,张广房
30,2011-02-03 10:47:00,程欢亭
16,2011-01-17 14:47:08,岑刚飘
16,2011-01-01 06:55:47,吴军卓
21,2011-05-24 19:59:48,林包显
7,2011-04-21 21:17:48,张广房
16,2012-04-12 11:28:53,孙剑佛
11,2011-05-18 15:13:09,林文冲
22,2012-03-05 18:07:21,岑刚飘
21,2011-11-30 18:24:48,柯独杜
20,2011-04-03 07:56:01,卫耿羿
27,2012-01-09 05:32:55,黎丙赣
30,2011-07-16 17:31:53,元骞振
4,2011-09-30 11:07:38,云羿谆
27,2012-12-28 22:26:12,庄蒙少
1,2011-08-16 09:16:49,薛敬文
7,2011-04-02 20:13:29,许欣英
24,2012-07-08 07:23:04,岑誉胜
20,2011-09-04 03:23:51,刘中舟
19,2012-11-03 08:55:43,龚韶釜
6,2011-12-22 06:27:29,谭灶声
30,2012-03-08 03:38:49,郎朝剑
1,2012-10-11 10:06:47,费汐家
1,2012-09-22 03:15:48,谭满铿
3,2011-06-05 19:23:47,乐武亮
9,2011-04-01 09:00:18,谢尉争
30,2012-05-06 17:58:06,连解淦
24,2011-06-10 14:50:40,樊辰博
10,2011-09-13 00:00:23,陶旭笙
1,2012-04-16 21:07:53,车杜炯
1,2011-12-24 13:38:20,陈茗卓
21,2012-05-02 17:00:39,杨舟察
22,2011-09-22 21:30:37,梁汐季
19,2011-07-11 10:03:34,张枫震
5,2012-06-09 11:10:17,蔡农仲
5,2011-07-10 03:33:21,孙奎汝
23,2011-11-14 16:08:02,云凌可
15,2011-01-26 12:04:59,穆中管
8,2012-06-23 07:05:25,俞贡延
29,2011-06-15 18:48:43,曹讯波
24,2012-01-27 03:39:51,杨舟察
4,2012-06-21 06:54:35,刘中舟
11,2011-07-16 07:14:32,林豪谱
26,2012-07-15 12:52:22,危眺沃
26,2011-11-18 18:26:10,章学共
17,2012-09-24 11:30:10,冯州龙
22,2011-06-21 02:42:27,庄蒙少
19,2012-03-20 22:15:36,吴军卓
1,2012-10-18 09:27:23,孙剑佛
21,2011-07-28 02:52:45,易堃登
24,2012-04-29 13:45:02,钱锦宏
5,2011-02-14 11:21:09,周谷佟
12,2011-06-01 14:29:46,易堃登
18,2012-09-19 10:04:46,刘中舟
21,2011-06-06 00:34:54,林豪谱
29,2011-09-04 09:57:41,符彬政
28,2011-03-18 02:29:44,周谷佟
19,2011-11-30 17:55:18,庄蒙少
24,2012-12-16 21:34:10,柯独杜
14,2011-11-28 05:31:35,柳庭沛
22,2011-10-15 14:41:10,梁兴力
11,2011-05-04 22:19:06,王悟营
27,2011-08-18 04:24:11,石和革
1,2011-03-25 15:40:21,岑希伙
2,2012-12-03 20:31:52,池湃邦
7,2012-09-23 05:54:36,岑希伙
24,2011-04-25 21:26:36,刘枝迟
18,2012-03-15 12:48:22,章学共
27,2012-04-21 06:24:16,路留时
1,2011-09-04 17:15:41,曹讯波
13,2011-11-28 06:55:41,郭山彤
30,2012-02-16 04:47:44,穆影焱
19,2011-08-14 02:46:52,岑刚飘
11,2011-04-17 08:03:41,钱铮友
8,2012-12-18 15:31:44,武邦致
12,2012-08-23 18:22:16,黎宇澄
4,2012-02-07 18:20:41,魏争博
20,2012-05-17 07:18:42,谢协湃
26,2012-11-12 10:18:58,于泰哲
19,2012-09-05 01:29:23,穆影焱
22,2011-04-18 08:39:55,袁修纯
5,2011-01-22 16:41:06,路留时
11,2012-02-18 19:13:13,吕映冉
24,2012-01-24 06:02:01,岑刚飘
25,2011-07-13 15:22:00,孙剑佛
27,2012-01-13 15:17:28,龙绍焱
30,2011-02-09 09:11:07,巫家昱
6,2012-02-25 05:04:08,谢尉争
3,2011-09-05 20:32:50,凌松帆
27,2012-02-25 01:12:41,樊辰博
15,2012-03-01 18:52:56,费汐家
11,2012-11-29 01:52:30,袁修纯
12,2011-03-18 22:10:52,樊辰博
7,2011-02-05 07:23:36,尤介辉
16,2011-03-23 21:47:37,池湃邦
2,2012-05-23 22:04:12,韦鲁郎
17,2012-05-11 20:28:28,韦鲁郎
12,2011-11-21 04:29:33,石和革
14,2012-05-02 19:58:35,夏思徽
8,2011-07-21 06:48:21,元骞振
21,2011-12-03 09:25:09,杨舟察
27,2011-03-08 07:13:52,王封安
16,2012-12-05 21:06:57,程欢亭
17,2011-02-24 05:59:43,乐武亮
23,2011-07-26 19:00:36,秦树琪
18,2012-05-22 13:43:12,尤介辉
5,2011-10-04 09:22:52,梁胤鸣
10,2011-04-14 00:30:07,车杜炯
14,2012-06-17 10:34:19,刘枝迟
10,2011-04-08 01:57:20,邬肖任
7,2012-05-02 15:41:10,袁修纯
7,2012-06-14 02:47:12,钟召云
21,2011-05-05 14:56:34,王颢锵
13,2012-01-24 03:09:29,孙奎汝
25,2012-12-05 04:25:51,凌松帆
21,2012-06-16 11:37:29,邢编
14,2011-04-08 22:07:39,邢编
9,2012-08-29 07:42:54,危眺沃
20,2011-06-28 15:51:28,涂翰毅
7,2012-11-19 14:28:11,黎宇澄
11,2012-08-08 20:52:56,涂翰毅
10,2011-02-13 06:41:08,高季晨
22,2011-04-22 05:18:17,蔡粮鲜
26,2011-11-09 14:17:04,孙剑佛
23,2011-04-07 16:10:39,刘枝迟
29,2012-10-03 16:37:26,武邦致
9,2012-12-13 18:00:56,邬肖任
1,2011-07-30 20:33:50,岳叔华
8,2011-02-01 13:14:16,陈茗卓
23,2012-10-17 11:54:57,路留时
24,2012-02-06 10:55:48,路留时
15,2012-03-30 07:42:56,张广房
10,2011-01-24 05:41:25,梁兴力
8,2012-06-12 16:49:37,黎丙赣
9,2011-10-07 21:33:40,黄蓝风
29,2012-03-21 20:31:53,高洪泉
12,2012-06-07 21:26:26,周谷佟
2,2012-11-14 00:20:46,赵单羽
7,2012-01-02 18:49:15,余梦茂
18,2011-06-02 14:50:49,宁儒熙
4,2012-05-11 10:40:57,文子隐
14,2012-06-05 04:09:14,张豆焕
22,2011-06-18 05:50:44,岑刚飘
8,2012-03-27 10:35:18,符彬政
21,2011-05-02 10:51:30,涂翰毅
16,2012-04-04 21:11:57,张广房
25,2012-01-15 01:17:21,梁兴力
28,2011-02-15 19:59:35,尤介辉
3,2011-12-13 19:42:58,颜东鑫
12,2011-08-29 03:54:29,夏落兴
28,2012-11-30 21:57:31,杨舟察
4,2012-02-26 14:45:32,王颢锵
11,2012-02-25 17:35:27,梁汐季
10,2012-11-20 06:03:15,秦树琪
16,2012-04-22 18:41:12,梁兴力
17,2011-09-24 16:49:02,云悠洋
13,2011-12-07 14:52:12,盛枫瑾
30,2012-06-07 21:51:43,黄蓝风
20,2012-07-16 17:36:23,袁修纯
19,2011-09-19 01:53:51,李恩妙
14,2011-09-24 14:44:28,章学共
6,2012-10-16 16:07:17,黎宇澄
29,2011-06-09 15:20:34,凌瑛昼
17,2011-06-02 18:40:17,黎舒旺
13,2012-04-27 06:19:14,龚韶釜
27,2011-07-14 21:29:53,石和革
1,2011-03-13 11:08:07,宁儒熙
25,2012-07-29 10:28:52,黎丙赣
28,2012-06-30 21:09:16,柳庭沛
24,2011-03-12 07:28:50,周放大
19,2011-07-09 04:25:07,车杜炯
17,2011-03-21 13:39:30,谢雄民
15,2012-10-14 15:07:56,史霄灼
6,2012-04-21 07:07:37,沈锵良
9,2011-01-23 20:07:19,俞贡延
26,2011-07-22 05:17:38,王封安
20,2012-04-02 02:37:22,丁倍卫
6,2011-01-27 05:12:43,韦鲁郎
1,2011-10-12 11:45:17,韦鲁郎
3,2011-01-20 22:06:00,龚韶釜
16,2012-07-18 01:26:49,秦树琪
20,2011-07-29 03:11:12,韦烽凌
18,2011-09-22 04:48:38,吴军卓
14,2011-12-08 15:37:49,凌松帆
23,2011-01-26 09:06:47,章学共
20,2011-01-20 20:55:26,孙彩武
24,2011-02-25 09:54:06,林包显
27,2011-09-15 12:02:41,盛枫瑾
10,2011-07-23 04:56:15,钟召云
16,2011-01-31 14:36:21,柯独杜
30,2011-01-24 09:43:10,黎舒旺
27,2012-05-31 02:06:06,柯河舍
8,2012-03-19 04:58:33,甘风力
23,2011-05-25 02:38:41,郭俊立
28,2012-11-27 08:45:37,李锐汉
25,2012-12-21 12:35:30,张豆焕
7,2012-01-23 18:41:42,车杜炯
4,2012-02-16 03:40:53,尤政航
30,2012-08-04 03:31:41,章学共
4,2012-11-30 17:03:43,梁敦厦
15,2011-08-09 00:43:15,孟航沛
16,2012-03-22 17:45:58,袁修纯
28,2012-02-28 00:12:30,周放大
11,2011-05-27 01:33:45,简务帅
24,2011-08-14 14:17:14,池湃邦
5,2011-09-09 12:09:31,梁汐季
24,2011-07-13 16:15:40,蔡粮鲜
30,2011-12-14 04:47:10,武邦致
17,2012-03-25 15:52:54,关戚栾
19,2011-02-09 18:05:11,池湃邦
21,2011-08-28 19:44:31,甘风力
8,2011-02-12 13:04:20,郭山彤
16,2012-03-15 04:46:24,卢邦楠
17,2012-10-13 13:48:30,梁汐季
23,2011-03-30 09:10:56,郭山彤
28,2012-03-05 11:05:55,卢帆新
11,2012-02-15 10:06:15,卢邦楠
29,2012-11-21 06:02:30,盛枫瑾
23,2011-02-28 02:23:21,蔡粮鲜
4,2011-08-23 05:38:14,岑刚飘
2,2011-08-15 06:15:14,马仁毅
21,2012-10-08 04:17:38,吴军卓
27,2012-01-23 15:48:56,王封安
13,2012-05-14 18:08:28,梁兴力
4,2011-05-13 10:56:05,俞贡延
21,2011-03-19 16:45:04,樊辰博
10,2012-03-04 21:11:18,关戚栾
4,2012-11-04 01:14:29,魏成贯
5,2012-09-18 21:47:42,尤帅齐
21,2012-06-19 00:30:28,张广房
4,2012-02-22 03:37:33,魏争博
26,2012-05-05 22:07:59,卢邦楠
10,2011-08-12 00:21:01,许欣英
1,2012-06-23 02:10:13,赵单羽
1,2012-04-13 05:37:55,于泰哲
2,2011-11-04 00:27:34,杨舟察
11,2012-05-11 03:29:07,梁胤鸣
8,2011-06-01 01:00:52,岑希伙
1,2012-05-12 06:52:20,蔡粮鲜
11,2011-11-02 18:13:57,黎丙赣
5,2012-01-19 06:09:15,程欢亭
3,2012-07-07 21:54:24,黎宇澄
22,2011-10-28 21:35:40,尤介辉
12,2012-05-23 02:20:22,费汐家
30,2011-12-28 03:28:28,吴越潇
19,2012-04-27 01:37:00,邬肖任
7,2012-01-15 12:03:27,吴越潇
3,2011-07-09 16:08:35,谢尉争
28,2011-04-11 19:08:39,张广房
15,2011-03-11 16:48:36,岳叔华
26,2012-09-30 08:37:20,雷亚思
29,2011-12-31 09:08:20,虞信品
18,2012-06-09 17:31:16,简邦余
3,2011-12-19 17:38:31,俞贡延
21,2011-02-22 05:19:38,梁汐季
26,2011-07-08 07:56:51,连解淦
28,2012-12-31 11:17:37,吴军卓
1,2011-03-04 13:45:45,危眺沃
17,2012-05-05 11:01:27,秦树琪
18,2012-03-01 01:04:47,欧有皆
12,2012-06-03 14:54:45,林文冲
14,2012-04-26 21:25:17,卢帆新
3,2011-11-22 09:38:04,黎丙赣
2,2011-02-26 06:18:01,梁胤鸣
29,2012-08-29 14:22:23,乐武亮
2,2012-08-23 05:49:45,曹讯波
19,2012-10-16 21:52:09,乐武亮
25,2011-07-08 08:50:06,林文冲
18,2012-10-29 14:52:20,柯河舍
5,2012-03-17 10:18:17,王封安
23,2011-11-09 21:18:52,危眺沃
21,2011-08-17 05:22:30,张津广
10,2011-07-08 04:29:21,史霄灼
19,2012-11-23 07:31:02,尤政航
16,2012-05-14 08:27:00,孙剑佛
13,2012-04-07 16:36:55,丁倍卫
28,2011-07-30 04:51:39,穆影焱
20,2011-02-17 01:23:10,袁修纯
5,2011-09-26 00:47:50,黄蓝风
12,2012-09-02 09:43:54,刘枝迟
17,2012-12-07 18:48:50,岑誉胜
5,2012-04-10 07:51:36,元骞振
21,2011-10-29 16:35:29,曹讯波
28,2011-02-23 06:13:25,龚韶釜
13,2012-04-11 01:39:29,邢编
23,2012-12-24 17:38:22,乐武亮
26,2012-01-09 06:55:40,蔡粮鲜
11,2012-09-27 05:02:59,赵勋吟
23,2011-08-04 02:46:37,钱铮友
17,2012-06-30 05:37:41,张枫震
18,2012-11-05 14:24:45,虞信品
22,2012-09-21 01:50:57,黎舒旺
14,2011-09-26 19:52:41,吴军卓
24,2012-02-29 07:24:35,黄蓝风
23,2011-07-28 04:31:22,云羿谆
21,2012-04-18 15:11:53,马仁毅
25,2012-04-14 03:27:43,赵道霄
24,2011-06-23 14:00:56,古驰
6,2012-01-14 06:20:59,梁敦厦
16,2011-04-12 18:32:27,欧有皆
2,2012-01-26 03:07:37,巫家昱
14,2011-09-03 08:35:51,邬肖任
4,2011-05-23 07:46:56,冯州龙
5,2012-11-28 12:23:57,梁兴力
6,2012-12-05 11:55:45,卫耿羿
21,2012-01-29 18:36:37,柳庭沛
21,2012-04-26 14:24:14,卢帆新
27,2012-01-30 12:53:02,吴资龙
10,2012-02-13 05:40:22,侯善稚
3,2012-07-16 20:13:55,丁倍卫
21,2011-10-29 09:21:40,王封安
29,2012-07-21 08:46:03,钟召云
20,2012-06-06 14:35:00,柳庭沛
18,2012-04-22 16:35:22,黎丙赣
19,2011-12-26 14:59:47,孟航沛
12,2011-04-20 19:11:40,黄蓝风
1,2012-11-24 18:55:00,关戚栾
24,2012-03-08 00:28:25,吕映冉
29,2011-01-18 20:13:57,严锋滕
5,2011-04-03 01:58:54,侯善稚
14,2012-11-15 14:48:11,虞信品
16,2012-12-16 01:11:49,华章滕
3,2012-11-10 21:39:41,史霄灼
30,2012-07-19 04:57:40,庄蒙少
3,2012-09-08 19:37:30,陈仓翼
19,2011-06-25 00:44:16,严锋滕
29,2011-10-23 21:10:59,蔡农仲
12,2011-12-30 01:24:18,文驹治
5,2011-09-13 17:14:42,刘中舟
3,2011-01-14 13:10:32,曹讯波
28,2011-04-12 01:50:35,樊辰博
16,2012-01-19 07:32:34,杨舟察
9,2012-11-01 12:06:01,宁儒熙
25,2012-11-17 10:15:00,魏成贯
21,2011-11-30 03:23:17,林包显
17,2012-07-28 05:40:59,邢编
26,2011-10-27 14:04:44,郭山彤
3,2011-02-01 21:50:28,云悠洋
2,2012-03-04 17:17:12,李恩妙
30,2011-03-12 16:59:08,赵单羽
12,2012-08-24 03:54:38,黎舒旺
14,2011-08-04 16:18:15,魏争博
8,2011-04-07 09:11:33,赵勋吟
29,2012-01-30 20:21:37,黎舒旺
8,2011-02-12 08:05:01,刘枝迟
14,2012-10-13 15:27:38,于泰哲
14,2011-06-12 15:33:41,宁儒熙
20,2011-08-09 11:19:51,袁修纯
17,2012-04-13 06:28:56,刘中舟
1,2011-07-01 07:37:02,谢协湃
13,2012-05-10 18:52:54,卢邦楠
3,2012-04-18 12:41:06,巫家昱
28,2012-03-26 21:40:22,林包显
13,2012-08-08 09:10:59,陈仓翼
9,2011-05-20 12:26:33,文驹治
18,2012-01-06 03:47:27,黎舒旺
29,2011-02-08 09:20:44,雷亚思
13,2012-01-19 16:26:31,陈茗卓
1,2011-01-06 21:20:39,柳庭沛
28,2012-11-10 14:45:39,蔡农仲
15,2011-03-24 00:50:43,李锐汉
2,2012-11-21 18:32:43,吴越潇
13,2011-04-17 05:18:52,陶旭笙
6,2012-10-17 12:29:53,孙剑佛
4,2011-10-28 00:10:38,黎舒旺
10,2012-06-24 03:36:29,钱铮友
12,2011-11-14 08:12:47,张准辰
24,2012-09-04 08:19:01,余梦茂
27,2011-01-11 01:28:24,黄蓝风
4,2012-08-10 18:01:32,尤政航
30,2012-11-16 06:43:38,史霄灼
6,2011-04-23 14:40:45,李具匡
19,2012-08-03 15:04:40,柳庭沛
1,2011-07-14 13:00:48,欧谱班
8,2012-07-28 01:16:06,黄蓝风
11,2011-08-29 02:11:17,余梦茂
6,2012-06-26 20:01:37,夏思徽
10,2011-09-22 21:19:21,陈茗卓
29,2012-02-11 21:54:37,李具匡
24,2011-09-04 19:23:28,谢尉争
23,2011-07-02 06:04:53,林豪谱
18,2011-05-02 02:48:34,张广房
6,2012-11-07 22:26:04,秦树琪
24,2012-03-10 22:02:59,赵道霄
21,2012-06-14 13:56:11,卫耿羿
25,2011-12-11 13:23:22,文子隐
8,2011-12-04 11:12:40,黎舒旺
22,2011-12-02 16:05:08,费汐家
4,2011-10-23 08:44:23,张豆焕
9,2012-04-08 03:18:35,杨舟察
22,2011-01-13 04:27:41,谢雄民
3,2012-11-10 06:47:17,卫耿羿
18,2011-08-30 18:22:42,古驰
8,2012-07-29 06:35:10,薛敬文
15,2012-04-15 09:41:09,岑希伙
9,2012-08-15 13:17:53,韦烽凌
4,2012-01-18 03:02:30,欧谱班
8,2011-09-11 01:56:15,华章滕
26,2012-01-27 08:11:22,孟航沛
26,2011-07-12 22:00:06,侯善稚
25,2012-02-29 22:34:21,魏成贯
15,2012-04-10 16:37:45,云悠洋
27,2011-11-08 22:27:52,俞贡延
12,2011-11-30 12:49:09,周放大
16,2011-04-01 12:09:43,张准辰
19,2011-08-05 01:02:40,简务帅
5,2011-07-22 10:32:33,林文冲
16,2012-11-21 22:03:34,巫家昱
20,2012-01-29 19:31:13,岳叔华
3,2011-01-31 15:46:23,吕映冉
14,2012-01-02 13:16:33,文驹治
14,2012-04-16 10:48:52,尤帅齐
23,2012-11-19 18:40:55,张准辰
24,2012-05-26 06:19:07,刘枝迟
10,2011-04-22 04:01:26,虞信品
4,2012-02-09 19:25:07,郭俊立
25,2011-12-17 11:11:44,王颢锵
19,2012-01-16 14:47:05,吴军卓
15,2011-06-20 14:04:44,夏思徽
23,2012-05-30 15:20:48,许欣英
8,2011-03-21 10:01:02,薛敬文
19,2011-05-02 19:12:31,柯河舍
4,2012-08-04 19:41:37,杨舟察
18,2011-09-20 04:14:40,简邦余
6,2011-08-23 01:53:37,费宜鸿
15,2011-03-12 05:01:12,云凌可
7,2011-08-01 15:35:25,章学共
4,2011-12-02 04:23:11,乐武亮
7,2012-08-21 13:35:33,冯州龙
23,2012-12-11 06:36:25,魏成贯
1,2011-09-23 00:30:43,虞信品
1,2011-07-16 20:19:22,钟召云
8,2012-06-16 16:28:03,穆中管
27,2011-09-21 04:10:25,岑希伙
22,2012-06-12 06:03:33,卢邦楠
11,2011-09-21 18:40:14,赵单羽
19,2012-05-13 22:37:37,林包显
19,2012-05-12 15:01:33,俞贡延
9,2011-08-03 12:07:23,穆影焱
7,2012-04-16 04:31:13,侯善稚
6,2012-04-19 10:09:50,赵道霄
24,2012-03-13 19:44:00,孙奎汝
22,2012-05-27 22:51:13,魏争博
5,2011-06-06 17:39:30,蔡农仲
22,2011-06-19 03:42:47,元骞振
20,2011-02-16 04:21:56,赵单羽
10,2012-10-30 01:24:38,郎朝剑
2,2011-09-14 09:41:00,岑刚飘
3,2011-10-28 15:19:37,凌瑛昼
3,2011-08-03 14:11:09,文驹治
27,2012-02-21 11:29:37,沈锵良
15,2011-08-06 22:49:53,张枫震
27,2012-04-28 22:08:20,凌松帆
11,2011-02-15 00:57:06,易堃登
19,2012-12-11 03:10:45,谭灶声
12,2011-08-25 19:06:32,韦烽凌
18,2012-02-06 03:46:23,卫耿羿
5,2011-10-23 04:07:31,吴越潇
16,2012-12-16 21:56:52,谭满铿
7,2011-03-17 21:37:12,盛枫瑾
19,2011-10-13 22:07:21,钱锦宏
10,2011-06-08 14:31:47,梁敦厦
14,2012-04-27 02:46:44,符彬政
8,2011-10-28 00:51:16,任康焕
13,2011-01-03 16:16:10,卫耿羿
7,2012-12-11 01:55:11,黎舒旺
17,2011-11-29 09:15:44,钱锦宏
7,2011-01-20 17:00:40,许欣英
16,2011-01-05 12:34:36,文驹治
2,2011-12-08 21:00:49,郎朝剑
29,2011-08-04 22:39:40,颜东鑫
8,2011-05-29 01:29:31,陈莉汐
5,2012-07-14 14:15:49,孙剑佛
16,2011-03-23 13:11:28,周谷佟
12,2012-05-25 08:06:07,赵勋吟
17,2012-12-05 04:03:58,穆漂徽
20,2011-09-09 08:40:30,于泰哲
4,2012-02-04 14:23:28,王悟营
15,2011-12-12 05:25:24,雷友水
27,2011-05-13 14:20:02,张枫震
20,2012-07-15 22:31:05,夏落兴
1,2011-02-15 17:25:36,王颢锵
13,2011-08-29 11:21:03,凌瑛昼
22,2012-09-23 00:17:37,侯善稚
8,2011-01-15 03:22:13,邢编
23,2011-02-20 18:18:10,曹讯波
2,2011-02-07 17:21:28,高洪泉
26,2011-09-15 00:44:14,云悠洋
5,2011-04-28 04:50:41,张豆焕
17,2012-06-22 12:42:57,蔡粮鲜
1,2011-07-11 08:52:23,张豆焕
9,2012-04-05 08:36:42,严锋滕
4,2011-04-13 18:00:51,钱铮友
25,2011-12-28 00:11:17,穆影焱
23,2011-03-28 05:41:40,颜东鑫
15,2011-06-02 06:49:22,欧有皆
13,2011-11-09 05:32:48,刘枝迟
27,2012-07-16 12:02:40,钟召云
17,2011-11-28 03:36:01,周放大
5,2011-06-03 10:08:18,秦树琪
16,2011-07-31 02:44:08,庄蒙少
18,2012-08-13 12:53:32,黎宇澄
17,2011-02-17 22:42:18,蔡粮鲜
22,2011-09-01 09:48:31,马仁毅
22,2011-02-20 07:01:38,李具匡
17,2011-05-21 18:49:56,林包显
1,2012-10-13 07:13:47,费汐家
16,2012-03-06 00:47:11,谢尉争
22,2012-12-31 04:20:39,林包显
24,2011-01-23 01:32:40,刘中舟
23,2012-02-08 02:50:54,张准辰
4,2012-04-19 18:56:48,卢帆新
26,2011-11-06 20:20:56,郎朝剑
8,2011-10-26 19:48:23,孙剑佛
4,2012-11-06 18:20:58,岑希伙
8,2012-06-19 01:53:05,杨舟察
5,2012-12-17 21:54:29,谭满铿
26,2012-03-31 03:47:37,陈茗卓
1,2012-01-26 05:58:10,赵单羽
27,2012-03-06 00:41:30,穆漂徽
26,2012-12-10 04:37:42,程欢亭
27,2012-05-05 13:17:07,孙奎汝
3,2011-09-10 11:51:57,卢帆新
6,2011-01-21 03:10:00,宁儒熙
11,2012-11-19 06:07:59,梁汐季
18,2012-04-04 02:20:49,梁胤鸣
4,2012-11-20 11:16:35,许欣英
26,2012-11-16 20:53:27,孙奎汝
22,2011-10-05 06:44:36,郭俊立
19,2012-01-16 04:25:56,简务帅
21,2011-01-17 06:39:06,龙绍焱
30,2011-01-09 12:01:41,梁兴力
27,2012-06-27 07:47:34,黎宇澄
24,2011-04-15 09:11:06,袁修纯
14,2012-03-12 21:15:49,李锐汉
16,2012-11-13 08:24:56,周放大
15,2012-05-02 00:11:38,程欢亭
5,2012-03-01 10:10:00,钱铮友
12,2011-03-01 17:34:15,池湃邦
28,2012-07-30 20:40:22,曹讯波
20,2011-10-11 05:19:00,云悠洋
15,2011-03-16 04:28:54,岑誉胜
13,2012-10-14 08:10:42,王封安
5,2012-04-18 06:04:24,元骞振
9,2011-10-06 19:03:24,吴军卓
16,2011-06-02 16:18:05,岳叔华
3,2012-04-13 13:44:29,武邦致
7,2012-06-04 19:49:16,庄蒙少
24,2012-01-28 07:06:21,陈莉汐
24,2012-11-03 17:23:35,邬肖任
23,2012-06-03 19:13:07,王颢锵
2,2012-08-20 04:02:06,梁兴力
8,2011-02-23 15:58:05,危眺沃
5,2011-07-03 08:40:49,池湃邦
1,2011-09-10 20:23:56,费汐家
14,2012-09-18 03:09:04,赵单羽
12,2012-03-30 09:43:24,秦树琪
10,2012-03-19 04:17:59,黎舒旺
1,2012-03-16 04:33:23,谢雄民
10,2012-11-26 22:51:18,夏落兴
1,2011-03-19 18:23:16,孙奎汝
30,2011-09-07 16:52:40,关戚栾
12,2011-01-31 10:19:32,颜东鑫
22,2011-07-24 16:19:23,梁汐季
17,2011-05-03 19:35:28,陶旭笙
11,2011-07-22 04:21:18,秦树琪
14,2011-01-16 02:37:37,梁胤鸣
7,2012-04-28 10:25:05,岑希伙
23,2012-12-21 08:48:16,韦烽凌
25,2012-12-14 08:42:36,岑希伙
6,2011-03-13 05:51:28,高洪泉
1,2011-07-09 13:37:26,吕映冉
10,2012-02-19 11:32:19,张津广
14,2011-06-05 00:05:44,周谷佟
30,2011-05-10 08:38:41,宁儒熙
11,2011-09-07 09:11:12,吴越潇
22,2011-11-02 03:46:40,刘中舟
15,2012-02-26 15:52:02,陈茗卓
12,2011-08-23 10:17:10,史霄灼
6,2012-04-08 08:19:11,章学共
26,2011-02-06 11:50:48,卢帆新
5,2012-08-23 18:05:00,路留时
7,2012-05-05 10:01:56,文子隐
21,2012-03-03 22:19:42,路留时
25,2011-12-28 04:29:02,虞信品
23,2011-02-18 00:09:06,云羿谆
13,2011-08-18 02:34:53,孙彩武
13,2012-10-08 07:52:14,路留时
29,2011-06-04 02:42:22,许欣英
7,2011-09-20 05:58:27,凌瑛昼
22,2011-12-08 10:39:14,任康焕
28,2011-05-03 02:03:29,谢雄民
25,2011-01-23 13:41:08,龚韶釜
3,2011-04-15 07:46:44,赵道霄
24,2011-07-09 02:37:24,穆影焱
18,2011-12-10 18:53:55,郭山彤
16,2011-11-20 00:19:37,关戚栾
1,2011-12-15 01:53:41,巫家昱
16,2012-05-16 12:22:45,郭山彤
16,2012-09-16 07:24:46,谢尉争
14,2012-11-25 01:20:06,尤帅齐
26,2011-12-09 11:24:42,蔡农仲
22,2012-08-01 16:26:27,吕映冉
5,2012-05-13 12:54:36,林豪谱
3,2011-05-16 07:23:04,任康焕
11,2012-11-08 01:09:18,陶旭笙
28,2011-04-14 04:38:35,凌松帆
12,2012-11-28 19:07:28,吴越潇
24,2011-08-24 09:42:50,谭满铿
5,2011-12-29 21:34:01,谭满铿
7,2012-10-31 18:19:22,凌瑛昼
5,2011-01-14 09:11:17,刘枝迟
22,2011-12-18 22:50:38,岑希伙
14,2012-09-24 21:23:53,沈锵良
15,2012-05-03 09:15:10,梁敦厦
9,2011-10-25 10:27:50,云羿谆
27,2012-02-11 07:58:20,卢邦楠
27,2012-10-09 04:48:34,车杜炯
20,2012-10-23 05:49:05,雷友水
22,2012-11-17 02:49:10,郎朝剑
18,2011-04-18 17:20:42,郭俊立
15,2011-05-19 01:44:10,薛敬文
4,2012-02-06 09:10:49,王悟营
30,2012-08-13 22:03:46,郎朝剑
22,2012-10-15 11:56:50,欧有皆
9,2012-12-13 09:26:00,袁修纯
24,2012-08-18 19:02:52,岑刚飘
3,2011-12-10 19:54:07,魏成贯
16,2011-01-14 08:23:36,凌瑛昼
13,2011-01-11 02:53:54,欧谱班
14,2011-03-02 12:31:10,韦鲁郎
12,2011-12-10 07:45:54,黎丙赣
9,2012-12-29 01:24:53,郭山彤
19,2012-12-23 08:50:17,费宜鸿
19,2012-04-20 13:59:43,梁敦厦
20,2012-04-17 15:22:28,岑希伙
24,2012-09-15 11:24:01,郭山彤
26,2011-11-03 22:54:07,黎丙赣
6,2011-02-20 06:36:14,侯善稚
2,2012-02-10 12:02:45,武邦致
5,2012-03-18 22:28:33,黎宇澄
13,2011-09-05 09:06:53,张津广
24,2011-09-07 00:33:16,霍负浪
26,2012-08-19 00:16:48,侯善稚
28,2011-09-10 00:01:04,程欢亭
13,2011-12-20 14:46:52,钟召云
14,2011-07-30 16:11:31,宁儒熙
3,2011-02-14 14:18:48,霍负浪
24,2011-12-29 18:47:48,池湃邦
28,2011-09-09 13:15:36,元骞振
27,2012-05-07 19:24:39,尤帅齐
17,2012-02-10 05:42:08,史霄灼
15,2012-01-28 03:25:43,吴资龙
16,2011-12-25 00:01:07,严锋滕
17,2012-08-25 22:29:31,关戚栾
13,2012-03-12 00:07:23,云羿谆
26,2011-05-05 13:47:39,薛敬文
23,2011-03-19 12:47:35,梁尉寒
26,2012-04-14 15:08:28,文子隐
27,2011-12-03 04:37:19,薛敬文
13,2011-06-29 15:55:20,郎朝剑
4,2011-08-05 22:33:10,黎宇澄
26,2012-08-20 02:57:27,林文冲
22,2011-02-25 20:34:48,章学共
19,2011-10-24 12:15:49,柯河舍
1,2011-01-26 10:39:09,云悠洋
12,2011-09-22 15:42:58,钟召云
15,2011-07-29 09:10:09,邢编
15,2012-05-02 19:41:36,陈莉汐
21,2012-01-05 01:05:05,张广房
12,2011-10-05 03:06:23,池湃邦
21,2012-07-10 19:14:30,赵单羽
30,2012-12-05 11:30:09,柳庭沛
6,2012-11-18 21:22:00,程欢亭
19,2012-11-10 17:57:28,梁汐季
19,2011-09-03 03:40:13,尤介辉
12,2011-10-25 06:00:09,岑刚飘
9,2012-04-25 17:19:16,钱锦宏
5,2012-11-11 13:42:32,卢帆新
22,2011-03-10 00:28:42,符彬政
5,2011-02-12 17:09:23,李具匡
20,2011-04-12 06:37:49,郭俊立
7,2012-01-20 21:01:59,樊辰博
3,2012-10-19 15:07:13,费宜鸿
14,2012-02-04 14:52:04,巫家昱
19,2011-06-11 18:37:18,高季晨
2,2011-03-06 01:22:01,危眺沃
28,2011-05-09 18:34:11,梁胤鸣
20,2011-12-19 20:20:59,于泰哲
9,2011-02-05 20:23:10,钟召云
14,2011-03-02 08:10:35,雷亚思
4,2012-10-31 12:03:27,蔡农仲
1,2012-05-13 02:33:11,薛敬文
5,2011-11-15 02:09:03,卫耿羿
10,2012-10-11 06:52:46,文子隐
14,2012-08-06 01:20:27,丁倍卫
8,2011-12-14 16:05:04,尤政航
14,2011-05-27 10:42:30,柳庭沛
18,2011-02-18 12:40:18,余梦茂
8,2011-12-10 00:31:15,谢协湃
16,2012-12-28 20:50:09,陈仓翼
4,2012-01-13 15:22:17,郎朝剑
26,2011-02-06 08:54:32,云凌可
4,2011-03-24 03:56:08,霍负浪
10,2012-10-30 08:52:40,王颢锵
19,2012-05-03 21:11:03,尤政航
13,2012-03-20 06:45:20,卢邦楠
6,2011-01-01 15:27:21,石和革
18,2012-03-23 19:56:59,郭俊立
30,2011-05-12 14:02:22,于泰哲
16,2011-11-18 21:43:59,连解淦
17,2012-08-16 18:56:01,黎舒旺
2,2012-06-26 16:02:40,符彬政
9,2011-05-31 19:35:41,穆影焱
26,2011-03-13 06:00:42,张豆焕
13,2012-06-15 17:30:01,龚开梦
6,2011-01-26 03:36:59,陈茗卓
24,2011-04-24 19:50:27,卢邦楠
10,2011-02-13 03:31:31,张豆焕
16,2012-08-04 04:52:40,王颢锵
23,2012-07-10 08:33:05,魏成贯
18,2011-11-06 08:15:59,尤帅齐
1,2012-03-20 02:11:11,王悟营
2,2011-02-28 02:28:57,池湃邦
10,2011-08-10 17:47:03,蔡农仲
30,2011-09-02 05:08:46,穆漂徽
12,2011-10-30 07:49:12,涂翰毅
12,2011-08-10 07:01:10,龚开梦
3,2012-11-23 08:12:21,龚开梦
8,2011-06-02 22:23:34,孙奎汝
12,2012-06-26 05:57:49,卢邦楠
27,2011-03-01 16:33:27,黄蓝风
6,2011-02-07 09:08:52,丁倍卫
29,2012-12-07 02:58:38,连解淦
15,2011-08-23 21:09:08,周放大
27,2012-11-21 16:07:36,凌松帆
3,2011-02-03 11:17:52,谢雄民
30,2011-08-23 17:35:32,雷友水
15,2012-01-27 06:40:05,薛敬文
5,2012-05-25 19:33:41,卫耿羿
3,2012-05-25 17:51:53,孙彩武
22,2011-01-17 17:56:41,周谷佟
19,2011-06-22 02:47:30,郎朝剑
28,2012-02-15 12:17:46,乐武亮
20,2011-10-20 13:18:43,尤政航
24,2011-06-15 10:37:47,雷友水
6,2012-12-16 15:35:25,吴越潇
16,2011-04-15 02:44:22,凌松帆
21,2012-12-27 05:49:27,梁胤鸣
29,2012-01-06 21:50:45,章学共
17,2011-07-03 05:13:27,邢编
14,2012-04-05 14:07:37,钟召云
21,2012-02-02 07:18:21,吕映冉
11,2011-05-27 07:23:57,王悟营
23,2011-06-23 17:36:39,武邦致
15,2011-10-24 04:25:39,任康焕
22,2012-06-14 22:10:33,云悠洋
11,2012-06-14 07:13:19,王悟营
12,2011-08-06 00:16:24,严锋滕
20,2012-12-12 05:21:17,谭满铿
30,2011-02-27 09:11:04,林文冲
28,2012-04-05 14:51:27,黄蓝风
27,2011-07-08 12:39:49,蒋进如
15,2011-06-13 04:07:20,陈茗卓
23,2011-04-07 10:45:58,梁兴力
30,2012-05-20 22:28:46,丁倍卫
7,2012-05-12 10:36:06,尤政航
21,2012-10-10 14:26:53,陈莉汐
19,2011-05-09 13:17:37,吴越潇
14,2012-11-01 08:30:50,钱铮友
10,2011-01-01 08:45:31,钱铮友
2,2011-01-25 02:02:31,周谷佟
24,2011-03-30 06:00:11,夏思徽
27,2012-10-17 03:32:07,陶旭笙
6,2011-10-11 04:32:33,欧谱班
26,2011-11-21 16:19:19,赵单羽
12,2012-04-06 06:02:02,魏争博
12,2012-07-18 03:45:10,丁倍卫
30,2012-11-14 14:19:11,欧有皆
3,2012-08-09 15:39:25,张广房
1,2012-11-18 07:20:52,欧有皆
3,2012-02-16 07:48:31,夏落兴
25,2011-11-18 13:30:17,穆漂徽
15,2012-08-30 06:02:02,杨舟察
11,2011-02-15 21:02:21,巫家昱
30,2012-06-16 02:38:25,郭山彤
6,2012-12-17 21:23:44,乐武亮
4,2011-09-22 16:05:25,危眺沃
13,2011-06-30 22:48:10,甘风力
9,2012-10-13 09:05:13,宁儒熙
24,2011-05-22 05:45:27,蔡农仲
19,2011-05-07 13:59:55,王颢锵
7,2011-02-11 05:07:06,巫家昱
30,2011-07-11 05:02:52,池湃邦
24,2012-03-05 04:36:52,盛枫瑾
27,2011-05-15 13:43:30,王封安
12,2011-05-16 00:12:34,柳庭沛
8,2011-03-12 08:43:51,陶旭笙
9,2011-09-25 00:58:26,薛敬文
2,2011-08-28 11:58:20,魏争博
21,2011-08-17 06:28:02,雷友水
18,2011-05-30 12:32:06,吕映冉
30,2012-01-08 17:41:20,陈茗卓
24,2012-12-16 22:58:58,谭满铿
3,2012-11-26 05:59:44,张广房
17,2012-02-24 12:26:23,任康焕
13,2012-03-03 16:55:44,欧谱班
26,2011-12-29 15:52:11,池湃邦
22,2012-04-07 02:32:22,张豆焕
13,2011-09-10 14:25:01,雷亚思
16,2011-02-22 01:07:08,蒋进如
26,2012-12-08 08:03:57,孙彩武
19,2012-09-11 12:39:11,欧谱班
26,2011-07-13 08:29:42,连解淦
16,2012-06-30 15:42:25,夏思徽
26,2012-05-05 13:10:52,韦烽凌
18,2012-03-27 21:38:12,丁倍卫
12,2011-12-16 06:52:50,夏落兴
21,2012-09-26 16:57:05,孙彩武
23,2012-02-22 20:20:37,车杜炯
11,2012-10-20 13:43:46,文子隐
30,2012-02-09 10:14:18,凌瑛昼
22,2011-03-19 13:44:21,孟航沛
29,2011-08-04 09:46:30,云凌可
23,2011-05-10 08:24:57,尤介辉
4,2011-09-30 17:17:01,钟召云
25,2012-02-26 16:12:06,梁兴力
11,2012-01-23 09:03:58,简务帅
1,2012-09-14 09:16:33,乐武亮
19,2012-03-10 19:57:06,李恩妙
23,2012-12-15 19:03:34,岑誉胜
27,2011-11-22 20:08:15,曹讯波
2,2012-12-21 15:02:22,王封安
16,2012-11-30 19:50:29,马仁毅
4,2012-12-30 03:53:55,霍负浪
29,2012-10-30 08:58:46,赵道霄
16,2012-08-08 09:20:47,简邦余
1,2011-11-22 01:39:23,韦鲁郎
5,2012-06-27 00:17:38,石和革
5,2012-11-03 01:15:15,周谷佟
20,2011-07-11 11:38:35,邬肖任
28,2011-05-24 06:52:08,高季晨
10,2012-11-09 21:09:08,张枫震
28,2012-09-25 20:54:35,岑希伙
21,2012-07-30 07:10:36,谢雄民
16,2012-06-19 11:57:33,宁儒熙
30,2012-06-24 00:00:53,卫耿羿
1,2011-12-03 14:04:17,章学共
2,2012-10-09 11:06:35,钱铮友
16,2012-03-27 13:23:40,欧有皆
17,2012-12-04 01:49:47,郎朝剑
16,2011-08-28 16:59:14,盛枫瑾
3,2012-10-05 07:16:10,蔡粮鲜
4,2011-10-03 10:55:53,王封安
6,2011-08-08 18:17:15,尤政航
17,2011-06-16 10:22:23,卢邦楠
19,2011-03-19 08:52:19,文驹治
28,2011-12-28 01:06:59,赵勋吟
13,2012-11-13 22:45:35,王封安
24,2012-09-02 10:33:26,李恩妙
14,2011-03-31 22:50:49,黎宇澄
26,2012-06-10 11:49:17,云凌可
15,2012-06-05 00:43:17,刘枝迟
13,2012-12-29 03:09:02,路留时
14,2011-02-05 12:09:42,樊辰博
24,2012-12-29 08:14:08,尤帅齐
22,2011-12-01 01:21:50,刘中舟
11,2011-09-03 11:37:52,石和革
14,2011-02-17 08:40:21,谭灶声
8,2012-09-03 08:47:24,邬肖任
23,2011-01-29 10:18:11,古驰
18,2012-10-06 08:49:16,夏落兴
25,2011-02-09 13:44:45,元骞振
8,2011-10-02 17:55:28,谢尉争
6,2012-12-05 05:54:50,简务帅
3,2012-04-29 15:10:38,雷友水
9,2011-10-01 17:48:23,连解淦
12,2012-01-18 21:18:07,穆漂徽
15,2012-02-04 05:57:23,张枫震
13,2012-03-24 15:40:17,霍负浪
29,2011-09-11 13:24:41,黎舒旺
12,2012-04-05 08:54:38,孙剑佛
11,2012-11-13 01:48:43,郎朝剑
17,2012-06-09 08:32:26,曹讯波
19,2011-11-23 07:01:41,穆中管
19,2011-10-01 09:01:17,林文冲
3,2011-04-17 10:50:37,黎舒旺
12,2012-08-30 08:52:30,梁敦厦
12,2012-08-25 03:15:47,岑誉胜
27,2012-08-12 11:29:13,张枫震
21,2011-11-20 16:05:16,钟召云
30,2011-05-10 09:21:26,龙绍焱
6,2011-03-17 08:19:18,吴资龙
1,2011-03-31 09:45:55,韦鲁郎
25,2012-06-19 05:38:38,张津广
2,2011-05-07 11:47:49,元骞振
28,2011-02-06 02:54:24,宁儒熙
1,2011-09-18 12:04:48,李恩妙
27,2011-05-14 20:52:25,吴军卓
27,2011-12-24 06:56:33,龙绍焱
14,2012-09-13 22:45:55,武邦致
28,2011-04-09 12:31:36,魏争博
5,2012-08-09 11:10:07,池湃邦
13,2011-07-29 15:09:10,谢雄民
6,2012-12-03 02:29:27,柯河舍
25,2012-05-29 11:49:49,池湃邦
4,2012-04-05 16:17:46,谢协湃
19,2011-03-26 06:27:57,孙奎汝
12,2011-02-17 06:55:25,赵道霄
2,2011-07-07 08:57:25,庄蒙少
13,2012-06-30 21:29:17,岑希伙
7,2012-04-06 15:08:42,赵单羽
18,2012-01-14 14:08:15,谢雄民
23,2011-10-31 16:48:01,许欣英
28,2011-04-15 09:50:06,冯州龙
15,2011-06-14 05:52:57,谢尉争
15,2012-04-14 14:49:11,岑希伙
1,2012-12-06 07:49:37,黎舒旺
4,2012-10-08 20:55:36,高季晨
7,2012-03-29 18:09:51,穆漂徽
14,2011-05-11 17:26:27,袁修纯
16,2012-04-09 04:34:01,连解淦
10,2012-01-01 12:53:05,夏思徽
29,2012-09-17 21:22:33,谢协湃
30,2011-06-30 19:11:07,谢协湃
30,2012-05-28 01:55:34,史霄灼
7,2012-03-18 09:47:11,梁汐季
27,2012-05-29 07:07:47,元骞振
3,2011-08-26 18:06:38,乐武亮
17,2012-08-08 19:48:25,岳叔华
15,2012-07-27 08:52:37,郭山彤
17,2012-09-20 14:10:11,刘中舟
30,2011-07-17 06:54:37,林豪谱
14,2012-12-22 09:23:40,谢雄民
28,2011-07-27 16:21:04,穆中管
1,2012-09-10 06:00:39,蒋进如
3,2012-07-21 15:05:02,陈莉汐
18,2012-05-29 08:01:49,文驹治
17,2011-06-19 09:04:57,谢协湃
26,2012-04-28 21:25:26,元骞振
29,2012-01-30 17:20:11,梁汐季
16,2011-08-18 09:33:25,蔡农仲
28,2012-12-31 12:04:25,秦树琪
5,2011-11-10 10:54:01,张准辰
16,2012-07-06 20:51:34,易堃登
16,2012-12-12 04:51:08,雷亚思
16,2012-04-11 05:50:59,甘风力
4,2012-07-22 18:17:00,孟航沛
8,2011-01-23 11:13:48,陈茗卓
6,2011-03-01 21:28:36,费宜鸿
17,2012-01-02 09:07:47,穆中管
17,2011-09-19 02:10:14,夏思徽
11,2011-03-31 01:21:10,冯州龙
6,2012-10-13 01:42:48,武邦致
12,2011-03-04 12:07:19,赵单羽
26,2011-06-07 09:11:18,程欢亭
12,2011-02-23 13:24:20,云羿谆
9,2012-01-03 20:39:03,欧谱班
14,2012-04-04 19:31:29,谭灶声
11,2011-04-07 04:47:21,俞贡延
29,2012-11-08 06:23:53,蔡农仲
18,2012-03-12 12:23:53,杨舟察
19,2011-03-19 05:22:42,严锋滕
8,2012-12-18 10:24:02,谭满铿
8,2011-01-01 01:25:01,钱锦宏
15,2011-06-03 22:33:16,于泰哲
5,2012-02-27 01:14:12,蔡粮鲜
25,2012-01-11 21:28:21,樊辰博
9,2012-10-01 05:15:04,梁尉寒
18,2012-07-04 21:13:50,赵勋吟
17,2011-12-14 10:14:31,梁尉寒
1,2012-08-27 10:40:20,欧有皆
4,2012-10-31 01:50:14,孙奎汝
13,2012-12-28 03:07:20,颜东鑫
4,2011-05-12 12:11:56,柯河舍
21,2012-03-30 21:49:16,穆影焱
5,2011-07-28 17:49:08,严锋滕
11,2011-08-15 05:03:32,欧谱班
30,2012-02-17 09:13:39,俞贡延
17,2012-03-07 15:35:45,甘风力
13,2011-07-28 04:35:19,卢帆新
16,2012-11-20 09:51:13,袁修纯
9,2012-05-10 09:08:57,王封安
1,2011-10-29 13:23:48,文子隐
28,2012-10-17 10:25:51,云悠洋
11,2011-05-24 02:47:09,蒋进如
2,2011-01-08 03:40:52,林包显
9,2011-11-24 14:45:08,雷亚思
6,2012-04-16 07:36:06,简务帅
14,2011-07-21 00:46:02,张津广
4,2011-04-24 00:27:23,云羿谆
27,2011-09-01 19:40:29,关戚栾
6,2011-07-11 00:37:42,吴军卓
29,2012-05-26 06:32:53,文子隐
22,2011-05-19 02:26:35,黎丙赣
20,2012-03-02 01:07:44,关戚栾
10,2011-05-04 14:33:40,钱铮友
22,2012-08-23 16:10:18,华章滕
26,2011-12-18 01:35:43,蒋进如
22,2011-04-14 02:08:59,雷亚思
12,2011-01-28 22:04:23,梁尉寒
20,2012-01-13 11:50:48,岑誉胜
14,2012-01-06 22:31:04,韦鲁郎
8,2011-07-05 01:26:05,云羿谆
25,2011-05-07 22:02:10,赵单羽
15,2011-10-26 04:57:21,卫耿羿
21,2011-03-09 00:06:26,孟航沛
10,2011-04-30 04:18:08,夏落兴
12,2012-02-15 10:07:43,梁兴力
29,2011-02-03 19:07:36,邢编
2,2012-12-02 19:58:34,郭俊立
29,2012-03-07 09:43:50,王颢锵
16,2012-11-04 12:40:37,薛敬文
28,2011-03-03 11:00:15,梁敦厦
8,2012-09-24 01:37:09,章学共
1,2012-07-25 08:26:41,韦鲁郎
12,2011-10-30 18:56:40,岳叔华
8,2011-01-25 18:07:15,林文冲
6,2011-06-21 05:40:20,穆中管
16,2012-07-24 05:51:47,孙彩武
7,2011-10-05 06:24:38,柯独杜
20,2012-12-27 18:47:21,任康焕
28,2012-01-22 21:17:56,谢协湃
20,2012-06-05 20:06:11,陈仓翼
1,2012-09-22 10:44:00,丁倍卫
3,2011-11-08 00:11:46,岑刚飘
29,2011-03-10 04:22:59,刘枝迟
27,2012-01-26 22:59:47,简邦余
3,2011-12-30 01:22:48,韦烽凌
1,2011-08-13 09:09:07,易堃登
24,2011-11-25 21:16:32,薛敬文
5,2011-12-10 21:59:05,车杜炯
29,2011-05-31 21:29:55,甘风力
13,2012-07-25 16:18:10,孙奎汝
5,2012-04-22 20:41:55,周放大
13,2012-05-11 13:32:30,霍负浪
9,2012-07-11 09:10:19,武邦致
12,2012-12-04 16:10:36,张广房
25,2011-01-12 22:49:59,林豪谱
16,2012-12-29 00:56:28,谭灶声
18,2011-03-15 20:30:14,龚韶釜
11,2011-07-10 15:31:10,凌瑛昼
11,2011-03-17 10:56:24,李锐汉
15,2011-03-29 06:00:45,高季晨
23,2011-12-10 04:53:22,侯善稚
11,2012-08-20 19:50:21,侯善稚
17,2011-11-29 15:22:14,古驰
26,2012-10-06 08:43:07,吕映冉
20,2011-11-12 13:00:55,李锐汉
20,2012-01-03 07:57:37,岑希伙
17,2012-11-17 18:51:01,俞贡延
15,2012-03-04 12:14:48,吕映冉
13,2011-10-13 19:48:45,卫耿羿
16,2011-11-20 04:42:07,宁儒熙
22,2012-09-03 00:11:33,费宜鸿
30,2011-02-24 16:44:32,关戚栾
11,2012-08-12 21:05:57,郭山彤
10,2012-03-12 21:38:28,武邦致
23,2012-07-14 01:16:13,云悠洋
5,2011-11-28 01:40:35,蒋进如
26,2012-06-13 07:25:18,卢邦楠
18,2011-11-01 07:30:45,元骞振
23,2011-02-28 01:45:12,欧有皆
26,2011-12-05 17:17:58,沈锵良
25,2011-04-12 04:54:42,林文冲
23,2012-12-04 02:45:51,周谷佟
28,2011-12-28 17:54:21,黎丙赣
18,2011-10-12 01:44:17,钱锦宏
29,2011-09-30 18:00:30,蔡农仲
30,2011-07-06 18:18:49,穆影焱
15,2012-04-18 06:13:17,王封安
2,2012-01-18 01:38:32,李恩妙
15,2012-02-14 17:34:33,吴军卓
3,2011-04-25 03:38:47,谢尉争
26,2011-08-26 04:07:44,欧有皆
8,2012-10-27 21:48:49,韦鲁郎
13,2011-04-30 10:43:10,钟召云
20,2012-07-21 08:44:59,梁敦厦
16,2012-04-08 22:24:59,雷友水
15,2012-04-04 22:27:05,龚韶釜
18,2011-09-30 03:32:00,雷亚思
11,2011-07-05 04:32:10,欧谱班
30,2011-11-10 11:45:47,林文冲
4,2011-12-24 06:23:57,王封安
20,2011-04-27 18:25:19,林文冲
20,2012-02-23 15:49:26,关戚栾
10,2012-06-06 05:10:53,龚开梦
6,2011-10-22 07:19:36,孟航沛
16,2011-03-18 05:32:27,易堃登
21,2012-05-27 09:35:12,欧有皆
15,2012-02-05 04:04:50,易堃登
11,2011-03-17 08:33:16,巫家昱
11,2011-01-08 09:28:46,侯善稚
9,2011-12-31 09:22:45,费宜鸿
23,2012-07-31 22:22:52,盛枫瑾
20,2012-03-29 01:35:41,云悠洋
10,2012-09-24 19:08:50,雷友水
10,2012-03-30 15:52:39,黎丙赣
4,2012-03-18 06:34:14,乐武亮
19,2011-11-02 11:01:07,穆漂徽
29,2011-12-26 16:48:47,薛敬文
6,2011-01-23 02:48:04,陈茗卓
5,2011-07-17 08:25:53,丁倍卫
7,2011-05-11 18:00:30,岑誉胜
3,2012-02-09 06:47:22,蒋进如
6,2012-06-15 00:08:56,刘中舟
30,2011-07-28 18:08:21,严锋滕
8,2011-06-08 15:04:10,丁倍卫
26,2012-04-07 15:32:45,孙奎汝
14,2011-09-27 16:47:52,武邦致
26,2012-07-16 07:00:31,张准辰
10,2012-06-06 01:40:29,韦烽凌
6,2011-11-18 15:32:10,欧谱班
30,2011-09-10 15:46:17,魏争博
4,2011-06-27 17:05:29,盛枫瑾
3,2011-05-29 12:38:29,龚开梦
19,2011-02-24 09:27:50,吴越潇
14,2011-03-25 17:36:10,谢协湃
12,2012-07-20 01:53:54,侯善稚
16,2012-07-21 01:57:23,吕映冉
30,2011-07-14 11:17:42,黎丙赣
28,2011-05-01 09:51:16,孙奎汝
26,2012-12-18 08:20:09,虞信品
5,2011-10-13 00:03:15,周放大
18,2012-02-12 16:20:57,薛敬文
25,2012-05-07 19:08:24,雷亚思
23,2011-08-07 06:42:06,孙剑佛
28,2012-12-26 05:53:47,袁修纯
29,2012-02-16 04:51:22,梁敦厦
1,2012-11-27 14:33:12,林文冲
29,2011-03-22 09:58:23,甘风力
19,2011-11-25 01:02:45,赵勋吟
1,2011-11-07 05:55:26,孟航沛
28,2012-10-10 17:39:37,龙绍焱
28,2012-12-24 21:38:11,关戚栾
17,2011-01-06 13:55:09,李恩妙
15,2011-01-31 16:28:23,蒋进如
27,2011-01-25 08:27:51,谢雄民
15,2012-03-03 17:00:36,梁兴力
2,2011-09-12 20:19:59,冯州龙
6,2012-09-26 12:59:32,凌瑛昼
25,2011-03-12 21:14:03,丁倍卫
3,2011-07-08 14:09:02,路留时
8,2012-12-20 22:46:59,梁敦厦
18,2011-07-21 06:10:30,曹讯波
8,2012-02-24 20:10:10,欧谱班
16,2011-03-11 19:43:52,岑刚飘
14,2011-02-01 15:43:29,梁尉寒
19,2012-10-01 22:57:03,卫耿羿
22,2012-05-16 17:38:33,俞贡延
7,2012-02-10 04:11:28,冯州龙
16,2011-09-09 12:59:52,雷亚思
24,2012-11-28 16:17:25,刘中舟
8,2012-08-10 07:09:05,欧有皆
27,2011-06-26 03:59:20,夏思徽
30,2012-11-23 09:11:19,梁汐季
12,2011-03-15 18:34:20,曹讯波
7,2012-05-06 01:45:50,陶旭笙
23,2012-11-26 22:18:56,秦树琪
25,2011-08-14 05:26:55,路留时
4,2011-11-28 02:43:54,谢协湃
23,2012-11-02 08:46:27,武邦致
16,2011-03-05 22:58:01,周放大
18,2011-04-06 05:44:40,欧谱班
20,2011-03-29 15:13:33,钟召云
20,2012-04-30 21:43:38,樊辰博
30,2012-11-26 11:12:55,黎舒旺
1,2011-03-31 04:01:24,李具匡
4,2012-12-31 01:21:27,谢协湃
12,2012-02-06 22:22:30,冯州龙
18,2011-08-18 19:05:21,车杜炯
18,2012-11-22 12:19:15,韦鲁郎
20,2012-11-22 01:51:37,穆影焱
15,2012-01-26 02:17:57,李锐汉
11,2011-11-18 05:23:42,孟航沛
15,2012-11-13 18:57:18,孙剑佛
15,2012-12-31 03:38:51,石和革
13,2012-09-26 14:01:44,梁尉寒
22,2011-06-05 14:21:25,邬肖任
24,2012-01-27 21:42:03,程欢亭
30,2012-08-14 22:05:42,梁尉寒
14,2012-12-19 04:19:24,谭满铿
21,2011-12-26 01:16:18,凌松帆
12,2012-05-15 18:38:18,孟航沛
3,2011-06-11 13:41:19,赵单羽
30,2011-01-23 04:42:45,夏思徽
